winery_slug,wine_label,wine_name,vintage_year,list_position
amalia-mavric,Rebula 2025,Rebula,2025,1
amalia-mavric,Sivi pinot 2025,Sivi pinot,2025,2
amalia-mavric,Chardonnay 2025,Chardonnay,2025,3
amalia-mavric,Sauvignon vert 2025,Sauvignon vert,2025,4
amalia-mavric,Cabernet Sauvignon 2024,Cabernet Sauvignon,2024,5
amalia-mavric,Raptor sekelcija 2023,Raptor sekelcija,2023,6
amalia-mavric,Cabernet Sauvignon selekcija 2023,Cabernet Sauvignon selekcija,2023,7
benedetic,Rebula 2024,Rebula,2024,1
benedetic,Beli pinot 2024,Beli pinot,2024,2
benedetic,Sivi pinot 2025,Sivi pinot,2025,3
benedetic,Merlot 2022,Merlot,2022,4
danilo-mavric-vina,Rebula 2024,Rebula,2024,1
danilo-mavric-vina,Sauvignon vert 2025,Sauvignon vert,2025,2
danilo-mavric-vina,Sivi pinot 2024,Sivi pinot,2024,3
danilo-mavric-vina,Chardonnay selekcija 2021,Chardonnay selekcija,2021,4
danilo-mavric-vina,Gigi 2021,Gigi,2021,5
danilo-mavric-vina,Merlot 2020,Merlot,2020,6
danilo-mavric-vina,Cabernet 2018,Cabernet,2018,7
de-baguer,Virgo zero,Virgo zero,,1
de-baguer,"de Baguer chardonnay-sauvignon blanc,","de Baguer chardonnay-sauvignon blanc,",,2
de-baguer,A plus belo,A plus belo,,3
de-baguer,A plus rdeče,A plus rdeče,,4
domacija-bizjak,Rebula 2025,Rebula,2025,1
domacija-bizjak,Chardonnay 2025,Chardonnay,2025,2
domacija-bizjak,Sivi pinot 2025,Sivi pinot,2025,3
domacija-bizjak,Rose 2025,Rose,2025,4
domacija-radikon,Rebula 2023,Rebula,2023,1
domacija-radikon,Tokaj 2023,Tokaj,2023,2
domacija-radikon,Chardonnay 2023,Chardonnay,2023,3
domacija-radikon,Malvazija 2023,Malvazija,2023,4
domenis,Sauvignon,Sauvignon,,1
domenis,Sivi Pinot,Sivi Pinot,,2
domenis,Chardonnay,Chardonnay,,3
domenis,Rebula,Rebula,,4
domenis,Sauvignonasse,Sauvignonasse,,5
domenis,Malvazija Cabernet Sauvignon,Malvazija Cabernet Sauvignon,,6
domenis,Cabernet Franc,Cabernet Franc,,7
domenis,Merlot,Merlot,,8
emeran-reya-estate,Sveža vina letnik 2024,Sveža vina letnik,2024,1
emeran-reya-estate,Penine klasične metode,Penine klasične metode,,2
emeran-reya-estate,Maceracije letnik 2020,Maceracije letnik,2020,3
emeran-reya-estate,Rdeča vina,Rdeča vina,,4
kmetija-murenc,Aluber 2023,Aluber,2023,1
kmetija-murenc,Brajda 2023,Brajda,2023,2
kmetija-murenc,Malvazija 2022,Malvazija,2022,3
kmetija-murenc,Mlaka 2022,Mlaka,2022,4
kmetija-murenc,Sivi Pinot 2022,Sivi Pinot,2022,5
kmetija-murenc,Merlot 2022,Merlot,2022,6
kmetija-murenc,Rose 2022,Rose,2022,7
kmetija-princic,Rebula,Rebula,,1
kmetija-princic,Jakot,Jakot,,2
kmetija-princic,Chardonnay,Chardonnay,,3
kmetija-princic,Modri Pinot,Modri Pinot,,4
kmetija-sibav-danjela,penina Salutem,penina Salutem,,1
kmetija-sibav-danjela,Rebula 2023,Rebula,2023,2
kmetija-sibav-danjela,Tajo 2024,Tajo,2024,3
kmetija-sibav-danjela,Aurora Belo 2020,Aurora Belo,2020,4
kmetija-sibav-danjela,Aurora Rdeče 2020,Aurora Rdeče,2020,5
kmetija-sibav-danjela,Larya Malvazija 2023,Larya Malvazija,2023,6
kmetija-sibav-danjela,Rose 2023,Rose,2023,7
kristalvin,Rebula 2025,Rebula,2025,1
kristalvin,Sivi pinot 2025,Sivi pinot,2025,2
kristalvin,Sauvignon vert 2025,Sauvignon vert,2025,3
kristalvin,Rose 2025,Rose,2025,4
kristalvin,penina Rebula extra brut,penina Rebula extra brut,,5
persolja-vina,Optimist belo (cuvee),Optimist belo (cuvee),,1
persolja-vina,Optimist rdeče (cuvee),Optimist rdeče (cuvee),,2
persolja-vina,Rebula,Rebula,,3
persolja-vina,Rebula Oranž,Rebula Oranž,,4
persolja-vina,Merlot,Merlot,,5
persolja-vina,Sivi Pinot Prestige,Sivi Pinot Prestige,,6
persolja-vina,Modri pinot barrique,Modri pinot barrique,,7
persolja-vina,Cabernet Franc barrique Arhiva,Cabernet Franc barrique Arhiva,,8
posestvo-pintar,Rebula 2025,Rebula,2025,1
posestvo-pintar,Malvazija 2025,Malvazija,2025,2
posestvo-pintar,Chardonnay 2025,Chardonnay,2025,3
posestvo-pintar,Merlot 2025,Merlot,2025,4
posestvo-pintar,Cabernet Sauvignon 2025,Cabernet Sauvignon,2025,5
posestvo-pintar,Valentine's Red (rdeči cuvee) 2025,Valentine's Red (rdeči cuvee),2025,6
posestvo-pintar,Christian's White (beli cuvee) 2025,Christian's White (beli cuvee),2025,7
reja-vino,EXTOK 2021,EXTOK,2021,1
reja-vino,CHARDONNAY 2021,CHARDONNAY,2021,2
reja-vino,REBUKA RAKAC 2016,REBUKA RAKAC,2016,3
reja-vino,DEUCES RED 2019,DEUCES RED,2019,4
reja-vino,CABERNET SAUVIGNON 2012,CABERNET SAUVIGNON,2012,5
rokovi-vinogradi,Sauvignon vert 2024,Sauvignon vert,2024,1
rokovi-vinogradi,Rebula 2024,Rebula,2024,2
rokovi-vinogradi,Malvazija orange 2022,Malvazija orange,2022,3
rokovi-vinogradi,Cabernet sauvignon 2024,Cabernet sauvignon,2024,4
ronk,Rebula 2024,Rebula,2024,1
ronk,Malvazija 2023,Malvazija,2023,2
ronk,Beli pinot 2023,Beli pinot,2023,3
ronk,Merlot 2021,Merlot,2021,4
scurek,Rebula 2025,Rebula,2025,1
scurek,Sivi pinot 2025,Sivi pinot,2025,2
scurek,Jazbine 2023,Jazbine,2023,3
scurek,Merlot 2023,Merlot,2023,4
scurek,Modri pinot 2022,Modri pinot,2022,5
sibau,Rebula 2023,Rebula,2023,1
sibau,Sauvignonasse 2023,Sauvignonasse,2023,2
sibau,Chardonnay 2021,Chardonnay,2021,3
sibau,Merlot 2022,Merlot,2022,4
vina-fikfak,Rebula 2025,Rebula,2025,1
vina-fikfak,Malvazija 2025,Malvazija,2025,2
vina-fikfak,Sauvignonasse 2025,Sauvignonasse,2025,3
vina-fikfak,Chardonnay 2025,Chardonnay,2025,4
vina-fikfak,Cabernet 2025,Cabernet,2025,5
vina-marko-sirk,Penina brut natur 2022,Penina brut natur,2022,1
vina-marko-sirk,Brut Rose 2023,Brut Rose,2023,2
vina-marko-sirk,Rebula 2024,Rebula,2024,3
vina-marko-sirk,Malvazija 2024,Malvazija,2024,4
vina-marko-sirk,Sivi pinot 2024,Sivi pinot,2024,5
vina-marko-sirk,Rdeče 2na2 2022,Rdeče 2na2,2022,6
vina-mavric,Kmalu na voljo,Kmalu na voljo,,1
vina-pulec,Penina Pulec 2024,Penina Pulec,2024,1
vina-pulec,Rebula 2024,Rebula,2024,2
vina-pulec,Sivi pinot 2024,Sivi pinot,2024,3
vina-pulec,Cabernet Barrique 2021,Cabernet Barrique,2021,4
vina-pulec,Vajta rdeče 2024,Vajta rdeče,2024,5
vina-sosolic,Rebula 2025,Rebula,2025,1
vina-sosolic,Virus7 2022,Virus7,2022,2
vina-sosolic,Virus3 rdeči cuvee 2022,Virus3 rdeči cuvee,2022,3
vina-sosolic,Sivi pinot 2024,Sivi pinot,2024,4
vina-zaletel,Malvazija 2025,Malvazija,2025,1
vina-zaletel,Sauvignon vert 2024,Sauvignon vert,2024,2
vina-zaletel,Merlot 2024,Merlot,2024,3
vina-zaletel,de Onesti 2020,de Onesti,2020,4
vina-zaletel,Rebula 2025,Rebula,2025,5
vinarstvo-muzic,Penina Mužič 2023,Penina Mužič,2023,1
vinarstvo-muzic,Rebula 2023,Rebula,2023,2
vinarstvo-muzic,Chardonnay,Chardonnay,,3
vinarstvo-muzic,Sivi pinot,Sivi pinot,,4
vinarstvo-muzic,Beli pinot,Beli pinot,,5
vinarstvo-muzic,Jakot,Jakot,,6
vinarstvo-muzic,Sauvignon 2023,Sauvignon,2023,7
vinarstvo-muzic,Merlot,Merlot,,8
vinarstvo-muzic,Refošk,Refošk,,9
vinarstvo-muzic,Cabernet Sauvignon,Cabernet Sauvignon,,10
zanut,Rebula 2021,Rebula,2021,1
zanut,Jama 2020,Jama,2020,2
zanut,Malvazija 2023,Malvazija,2023,3
zanut,Merlot brjač 2016,Merlot brjač,2016,4
zarova,Rebula 2025,Rebula,2025,1
zarova,Poza 2024,Poza,2024,2
zarova,Sauvignon Blanc Class 2023,Sauvignon Blanc Class,2023,3
zarova,Chardonnay Class 2023,Chardonnay Class,2023,4
zarova,Merlot class 2022,Merlot class,2022,5
zarova,Cabernet Franc Milimetri 2021,Cabernet Franc Milimetri,2021,6
