slug,winery_name,address,latitude,longitude,dok_attendance,event,google_maps_url,source_url
amalia-mavric,Amalia Mavrič,"Šlovrenc 9, 5212 Dobrovo v Brdih",13.5141174,46.0089968,both_days,DOK 2026,"https://www.google.com/maps?q=13.5141174,46.0089968",https://kontrabant.si/ponudba/amalia-mavric/
benedetic,Benedetič,"Vipolže 65B, 5212 Dobrovo v Brdih",13.532975,45.9754764,both_days,DOK 2026,"https://www.google.com/maps?q=13.532975,45.9754764",https://kontrabant.si/ponudba/benedetic/
danilo-mavric-vina,Danilo Mavrič Vina,"Plešivo 36a, Dobrovo v Brdih",13.503475,45.9818977,both_days,DOK 2026,"https://www.google.com/maps?q=13.503475,45.9818977",https://kontrabant.si/ponudba/danilo-mavric-vina/
de-baguer,de Baguer,"Grajska cesta 10, 5212 Dobrovo v Brdih",13.5240313,45.9966816,both_days,DOK 2026,"https://www.google.com/maps?q=13.5240313,45.9966816",https://kontrabant.si/ponudba/de-baguer/
domacija-bizjak,Domačija Bizjak,"Brestje 13a, 5211 Kojsko",13.5847855,46.0076617,both_days,DOK 2026,"https://www.google.com/maps?q=13.5847855,46.0076617",https://kontrabant.si/ponudba/domacija-bizjak/
domacija-radikon,Domačija Radikon,"Kozana 128, 5212 Dobrovo v Brdih",13.5609749,45.991757,sunday_only,DOK 2026,"https://www.google.com/maps?q=13.5609749,45.991757",https://kontrabant.si/ponudba/domacija-radikon/
domenis,Domenis,"Šlovrenc 5, 5212 Dobrovo v Brdih",13.5127949,46.0054657,both_days,DOK 2026,"https://www.google.com/maps?q=13.5127949,46.0054657",https://kontrabant.si/ponudba/domenis/
emeran-reya-estate,Emeran Reya Estate,"Kozana 2, 5212 Dobrovo v Brdih",13.5386495,45.9831508,both_days,DOK 2026,"https://www.google.com/maps?q=13.5386495,45.9831508",https://kontrabant.si/ponudba/emeran-reya-estate/
klet-brda,Klet Brda,"Zadružna cesta 9, 5212 Dobrovo v Brdih",13.5234259,45.99837400000001,both_days,DOK 2026,"https://www.google.com/maps?q=13.5234259,45.99837400000001",https://kontrabant.si/ponudba/klet-brda/
kmetija-murenc,Kmetija Murenc,"Snežatno 25, 5211 Kojsko",13.574439,45.998407,both_days,DOK 2026,"https://www.google.com/maps?q=13.574439,45.998407",https://kontrabant.si/ponudba/kmetija-murenc/
kmetija-princic,Kmetija Prinčič,"Kozana 11, 5212 Dobrovo v Brdih",13.5440773,45.9853286,saturday_only,DOK 2026,"https://www.google.com/maps?q=13.5440773,45.9853286",https://kontrabant.si/ponudba/kmetija-princic/
kmetija-sibav-danjela,Vina & Turizem Šibav,"Neblo 45, 5212 Dobrovo v Brdih",13.5030806,46.0085106,both_days,DOK 2026,"https://www.google.com/maps?q=13.5030806,46.0085106",https://kontrabant.si/ponudba/kmetija-sibav-danjela/
kristalvin,Kristalvin,"Višnjevik 39, Dobrovo v Brdih",13.531051,46.0206272,both_days,DOK 2026,"https://www.google.com/maps?q=13.531051,46.0206272",https://kontrabant.si/ponudba/kristalvin/
moro-vina,Moro Vina,"Vipolže 62, 5212 Dobrovo v Brdih",13.5305144,45.9738606,both_days,DOK 2026,"https://www.google.com/maps?q=13.5305144,45.9738606",https://kontrabant.si/ponudba/moro-vina/
persolja-vina,Peršolja vina,"Kozana 19, 5212 Dobrovo v Brdih",13.5449481,45.9881774,both_days,DOK 2026,"https://www.google.com/maps?q=13.5449481,45.9881774",https://kontrabant.si/ponudba/persolja-vina/
posestvo-pintar,Posestvo Pintar,"Brestje 12a, Kojsko",13.5843393,46.0079441,both_days,DOK 2026,"https://www.google.com/maps?q=13.5843393,46.0079441",https://kontrabant.si/ponudba/posestvo-pintar/
reja-vino,Reja Vino,"Kozana 90, 5212 Dobrovo v Brdih",13.5513915,45.9935242,both_days,DOK 2026,"https://www.google.com/maps?q=13.5513915,45.9935242",https://kontrabant.si/ponudba/reja-vino/
rokovi-vinogradi,Rokovi vinogradi,"Biljana 42c, Dobrovo v Brdih",13.5343342,45.99947179999999,both_days,DOK 2026,"https://www.google.com/maps?q=13.5343342,45.99947179999999",https://kontrabant.si/ponudba/rokovi-vinogradi/
ronk,Ronk,"Vipolže 94, 5212 Dobrovo v Brdih",13.5369413,45.98045149999999,both_days,DOK 2026,"https://www.google.com/maps?q=13.5369413,45.98045149999999",https://kontrabant.si/ponudba/ronk/
scurek,Ščurek,"Plešivo 44, Dobrovo v Brdih",13.5087125,45.9813552,both_days,DOK 2026,"https://www.google.com/maps?q=13.5087125,45.9813552",https://kontrabant.si/ponudba/scurek/
sibau,Vinarstvo Šibau Dušica Šibav,"Fojana 15, 5212 Dobrovo v Brdih",13.5033246,45.9951683,both_days,DOK 2026,"https://www.google.com/maps?q=13.5033246,45.9951683",https://kontrabant.si/ponudba/sibau/
valentincic,Valentinčič,"Podsabotin 48a, Kojsko",13.6113206,45.9860845,both_days,DOK 2026,"https://www.google.com/maps?q=13.6113206,45.9860845",https://kontrabant.si/ponudba/valentincic/
vina-fikfak,Vina Fikfak,"Imenje 1c, 5211 Kojsko",13.5522957,46.0101491,both_days,DOK 2026,"https://www.google.com/maps?q=13.5522957,46.0101491",https://kontrabant.si/ponudba/vina-fikfak/
vina-marko-sirk,Marcus by Sirk,"Biljana 21, 5212 Dobrovo v Brdih",13.5353529,45.99650279999999,both_days,DOK 2026,"https://www.google.com/maps?q=13.5353529,45.99650279999999",https://kontrabant.si/ponudba/vina-marko-sirk/
vina-mavric,Vina Mavrič,"Šlovrenc 2, 5212 Dobrovo v Brdih",13.5140217,46.0024245,both_days,DOK 2026,"https://www.google.com/maps?q=13.5140217,46.0024245",https://kontrabant.si/ponudba/vina-mavric/
vina-pulec,Vina Pulec,"Plešivo 38A, 5212 Dobrovo v Brdih",13.5091406,45.9824146,sunday_only,DOK 2026,"https://www.google.com/maps?q=13.5091406,45.9824146",https://kontrabant.si/ponudba/vina-pulec/
vina-sosolic,Vina Sosolič,"Zali Breg 10a, Dobrovo v Brdih",13.5398429,46.0044694,both_days,DOK 2026,"https://www.google.com/maps?q=13.5398429,46.0044694",https://kontrabant.si/ponudba/vina-sosolic/
vina-zaletel,Vina Zalatel,"Hruševlje 6, 5212 Dobrovo v Brdih",13.5031803,46.0128223,both_days,DOK 2026,"https://www.google.com/maps?q=13.5031803,46.0128223",https://kontrabant.si/ponudba/vina-zaletel/
vinarstvo-muzic,Vinarstvo Mužič,"Plešivo 5a, Dobrovo v Brdih",13.5120161,45.98512160000001,both_days,DOK 2026,"https://www.google.com/maps?q=13.5120161,45.98512160000001",https://kontrabant.si/ponudba/vinarstvo-muzic/
zanut,Zanut,"Neblo 27, 5212 Dobrovo v Brdih",13.4942387,46.0085105,saturday_only,DOK 2026,"https://www.google.com/maps?q=13.4942387,46.0085105",https://kontrabant.si/ponudba/zanut/
zarova,Zarova,"Gonjače 1v, Kojsko, Slovenija",13.564557,46.0176161,both_days,DOK 2026,"https://www.google.com/maps?q=13.564557,46.0176161",https://kontrabant.si/ponudba/zarova/
